MATCHUP,GAME_ID,SEASON,GAME_DATE,HOME_TEAM_NICKNAME,HOME_TEAM_ID,AWAY_TEAM_NICKNAME,AWAY_TEAM_ID
01/28/2025 Rockets at Hawks,0022400532,2024-25,2025-01-28, Hawks,1610612737, Rockets,1610612745
01/27/2025 Hawks at Timberwolves,0022400656,2024-25,2025-01-27, Timberwolves,1610612750, Hawks,1610612737
01/25/2025 Raptors at Hawks,0022400639,2024-25,2025-01-25, Hawks,1610612737, Raptors,1610612761
01/23/2025 Raptors at Hawks,0022400623,2024-25,2025-01-23, Hawks,1610612737, Raptors,1610612761
01/22/2025 Pistons at Hawks,0022400612,2024-25,2025-01-22, Hawks,1610612737, Pistons,1610612765
01/20/2025 Hawks at Knicks,0022400602,2024-25,2025-01-20, Knicks,1610612752, Hawks,1610612737
01/18/2025 Hawks at Celtics,0022400587,2024-25,2025-01-18, Celtics,1610612738, Hawks,1610612737
01/15/2025 Hawks at Bulls,0022400563,2024-25,2025-01-15, Bulls,1610612741, Hawks,1610612737
01/14/2025 Suns at Hawks,0022400556,2024-25,2025-01-14, Hawks,1610612737, Suns,1610612756
01/09/2025 Hawks at Suns,0022400522,2024-25,2025-01-09, Suns,1610612756, Hawks,1610612737
01/07/2025 Hawks at Jazz,0022400506,2024-25,2025-01-07, Jazz,1610612762, Hawks,1610612737
01/04/2025 Hawks at Clippers,0022400486,2024-25,2025-01-04, Clippers,1610612746, Hawks,1610612737
01/03/2025 Hawks at Lakers,0022400477,2024-25,2025-01-03, Lakers,1610612747, Hawks,1610612737
01/01/2025 Hawks at Nuggets,0022400461,2024-25,2025-01-01, Nuggets,1610612743, Hawks,1610612737
12/29/2024 Hawks at Raptors,0022400438,2024-25,2024-12-29, Raptors,1610612761, Hawks,1610612737
12/28/2024 Heat at Hawks,0022400427,2024-25,2024-12-28, Hawks,1610612737, Heat,1610612748
12/26/2024 Bulls at Hawks,0022400413,2024-25,2024-12-26, Hawks,1610612737, Bulls,1610612741
12/23/2024 Timberwolves at Hawks,0022400395,2024-25,2024-12-23, Hawks,1610612737, Timberwolves,1610612750
12/21/2024 Grizzlies at Hawks,0022400378,2024-25,2024-12-21, Hawks,1610612737, Grizzlies,1610612763
12/19/2024 Hawks at Spurs,0022400370,2024-25,2024-12-19, Spurs,1610612759, Hawks,1610612737
12/14/2024 Hawks at Bucks,0022401229,2024-25,2024-12-14, Bucks,1610612749, Hawks,1610612737
12/11/2024 Hawks at Knicks,0022401202,2024-25,2024-12-11, Knicks,1610612752, Hawks,1610612737
12/08/2024 Nuggets at Hawks,0022400350,2024-25,2024-12-08, Hawks,1610612737, Nuggets,1610612743
12/06/2024 Lakers at Hawks,0022400334,2024-25,2024-12-06, Hawks,1610612737, Lakers,1610612747
12/04/2024 Hawks at Bucks,0022400323,2024-25,2024-12-04, Bucks,1610612749, Hawks,1610612737
12/02/2024 Pelicans at Hawks,0022400315,2024-25,2024-12-02, Hawks,1610612737, Pelicans,1610612740
11/30/2024 Hawks at Hornets,0022400300,2024-25,2024-11-30, Hornets,1610612766, Hawks,1610612737
11/29/2024 Cavaliers at Hawks,0022400041,2024-25,2024-11-29, Hawks,1610612737, Cavaliers,1610612739
11/27/2024 Hawks at Cavaliers,0022400287,2024-25,2024-11-27, Cavaliers,1610612739, Hawks,1610612737
11/25/2024 Mavericks at Hawks,0022400280,2024-25,2024-11-25, Hawks,1610612737, Mavericks,1610612742
11/22/2024 Hawks at Bulls,0022400030,2024-25,2024-11-22, Bulls,1610612741, Hawks,1610612737
11/20/2024 Hawks at Warriors,0022400258,2024-25,2024-11-20, Warriors,1610612744, Hawks,1610612737
11/18/2024 Hawks at Kings,0022400250,2024-25,2024-11-18, Kings,1610612758, Hawks,1610612737
11/17/2024 Hawks at Trail Blazers,0022400239,2024-25,2024-11-17, Trail Blazers,1610612757, Hawks,1610612737
11/15/2024 Wizards at Hawks,0022400012,2024-25,2024-11-15, Hawks,1610612737, Wizards,1610612764
11/12/2024 Hawks at Celtics,0022400001,2024-25,2024-11-12, Celtics,1610612738, Hawks,1610612737
11/09/2024 Bulls at Hawks,0022400198,2024-25,2024-11-09, Hawks,1610612737, Bulls,1610612741
11/08/2024 Hawks at Pistons,0022400185,2024-25,2024-11-08, Pistons,1610612765, Hawks,1610612737
11/06/2024 Knicks at Hawks,0022400171,2024-25,2024-11-06, Hawks,1610612737, Knicks,1610612752
11/04/2024 Celtics at Hawks,0022400157,2024-25,2024-11-04, Hawks,1610612737, Celtics,1610612738
11/03/2024 Hawks at Pelicans,0022400152,2024-25,2024-11-03, Pelicans,1610612740, Hawks,1610612737
11/01/2024 Kings at Hawks,0022400135,2024-25,2024-11-01, Hawks,1610612737, Kings,1610612758
10/30/2024 Hawks at Wizards,0022400121,2024-25,2024-10-30, Wizards,1610612764, Hawks,1610612737
10/28/2024 Wizards at Hawks,0022400103,2024-25,2024-10-28, Hawks,1610612737, Wizards,1610612764
10/27/2024 Hawks at Thunder,0022400100,2024-25,2024-10-27, Thunder,1610612760, Hawks,1610612737
10/25/2024 Hornets at Hawks,0022400079,2024-25,2024-10-25, Hawks,1610612737, Hornets,1610612766
10/23/2024 Nets at Hawks,0022400064,2024-25,2024-10-23, Hawks,1610612737, Nets,1610612751
01/29/2025 Bulls at Celtics,0022400666,2024-25,2025-01-29, Celtics,1610612738, Bulls,1610612741
01/27/2025 Rockets at Celtics,0022400650,2024-25,2025-01-27, Celtics,1610612738, Rockets,1610612745
01/25/2025 Celtics at Mavericks,0022400635,2024-25,2025-01-25, Mavericks,1610612742, Celtics,1610612738
01/23/2025 Celtics at Lakers,0022400629,2024-25,2025-01-23, Lakers,1610612747, Celtics,1610612738
01/22/2025 Celtics at Clippers,0022400620,2024-25,2025-01-22, Clippers,1610612746, Celtics,1610612738
01/20/2025 Celtics at Warriors,0022400604,2024-25,2025-01-20, Warriors,1610612744, Celtics,1610612738
01/17/2025 Magic at Celtics,0022400577,2024-25,2025-01-17, Celtics,1610612738, Magic,1610612753
01/15/2025 Celtics at Raptors,0022400562,2024-25,2025-01-15, Raptors,1610612761, Celtics,1610612738
01/12/2025 Pelicans at Celtics,0022400542,2024-25,2025-01-12, Celtics,1610612738, Pelicans,1610612740
01/10/2025 Kings at Celtics,0022400528,2024-25,2025-01-10, Celtics,1610612738, Kings,1610612758
01/07/2025 Celtics at Nuggets,0022400507,2024-25,2025-01-07, Nuggets,1610612743, Celtics,1610612738
01/05/2025 Celtics at Thunder,0022400487,2024-25,2025-01-05, Thunder,1610612760, Celtics,1610612738
01/03/2025 Celtics at Rockets,0022400471,2024-25,2025-01-03, Rockets,1610612745, Celtics,1610612738
01/02/2025 Celtics at Timberwolves,0022400464,2024-25,2025-01-02, Timberwolves,1610612750, Celtics,1610612738
12/31/2024 Raptors at Celtics,0022400449,2024-25,2024-12-31, Celtics,1610612738, Raptors,1610612761
12/29/2024 Pacers at Celtics,0022400437,2024-25,2024-12-29, Celtics,1610612738, Pacers,1610612754
12/27/2024 Pacers at Celtics,0022400420,2024-25,2024-12-27, Celtics,1610612738, Pacers,1610612754
12/25/2024 76ers at Celtics,0022400407,2024-25,2024-12-25, Celtics,1610612738, 76ers,1610612755
12/23/2024 Celtics at Magic,0022400393,2024-25,2024-12-23, Magic,1610612753, Celtics,1610612738
12/21/2024 Celtics at Bulls,0022400381,2024-25,2024-12-21, Bulls,1610612741, Celtics,1610612738
12/19/2024 Bulls at Celtics,0022400363,2024-25,2024-12-19, Celtics,1610612738, Bulls,1610612741
12/15/2024 Celtics at Wizards,0022401217,2024-25,2024-12-15, Wizards,1610612764, Celtics,1610612738
12/12/2024 Pistons at Celtics,0022401205,2024-25,2024-12-12, Celtics,1610612738, Pistons,1610612765
12/07/2024 Grizzlies at Celtics,0022400345,2024-25,2024-12-07, Celtics,1610612738, Grizzlies,1610612763
12/06/2024 Bucks at Celtics,0022400335,2024-25,2024-12-06, Celtics,1610612738, Bucks,1610612749
12/04/2024 Pistons at Celtics,0022400319,2024-25,2024-12-04, Celtics,1610612738, Pistons,1610612765
12/02/2024 Heat at Celtics,0022400316,2024-25,2024-12-02, Celtics,1610612738, Heat,1610612748
12/01/2024 Celtics at Cavaliers,0022400307,2024-25,2024-12-01, Cavaliers,1610612739, Celtics,1610612738
11/29/2024 Celtics at Bulls,0022400047,2024-25,2024-11-29, Bulls,1610612741, Celtics,1610612738
11/25/2024 Clippers at Celtics,0022400281,2024-25,2024-11-25, Celtics,1610612738, Clippers,1610612746
11/24/2024 Timberwolves at Celtics,0022400271,2024-25,2024-11-24, Celtics,1610612738, Timberwolves,1610612750
11/22/2024 Celtics at Wizards,0022400028,2024-25,2024-11-22, Wizards,1610612764, Celtics,1610612738
11/19/2024 Cavaliers at Celtics,0022400021,2024-25,2024-11-19, Celtics,1610612738, Cavaliers,1610612739
11/16/2024 Raptors at Celtics,0022400230,2024-25,2024-11-16, Celtics,1610612738, Raptors,1610612761
11/13/2024 Celtics at Nets,0022400218,2024-25,2024-11-13, Nets,1610612751, Celtics,1610612738
11/10/2024 Celtics at Bucks,0022400202,2024-25,2024-11-10, Bucks,1610612749, Celtics,1610612738
11/08/2024 Nets at Celtics,0022400187,2024-25,2024-11-08, Celtics,1610612738, Nets,1610612751
11/06/2024 Warriors at Celtics,0022400172,2024-25,2024-11-06, Celtics,1610612738, Warriors,1610612744
11/02/2024 Celtics at Hornets,0022400141,2024-25,2024-11-02, Hornets,1610612766, Celtics,1610612738
11/01/2024 Celtics at Hornets,0022400132,2024-25,2024-11-01, Hornets,1610612766, Celtics,1610612738
10/30/2024 Celtics at Pacers,0022400119,2024-25,2024-10-30, Pacers,1610612754, Celtics,1610612738
10/28/2024 Bucks at Celtics,0022400104,2024-25,2024-10-28, Celtics,1610612738, Bucks,1610612749
10/26/2024 Celtics at Pistons,0022400089,2024-25,2024-10-26, Pistons,1610612765, Celtics,1610612738
10/24/2024 Celtics at Wizards,0022400073,2024-25,2024-10-24, Wizards,1610612764, Celtics,1610612738
10/22/2024 Knicks at Celtics,0022400061,2024-25,2024-10-22, Celtics,1610612738, Knicks,1610612752
01/29/2025 Cavaliers at Heat,0022400667,2024-25,2025-01-29, Heat,1610612748, Cavaliers,1610612739
01/27/2025 Pistons at Cavaliers,0022400649,2024-25,2025-01-27, Cavaliers,1610612739, Pistons,1610612765
01/25/2025 Rockets at Cavaliers,0022400640,2024-25,2025-01-25, Cavaliers,1610612739, Rockets,1610612745
01/24/2025 Cavaliers at 76ers,0022400631,2024-25,2025-01-24, 76ers,1610612755, Cavaliers,1610612739
01/22/2025 Cavaliers at Rockets,0022400615,2024-25,2025-01-22, Rockets,1610612745, Cavaliers,1610612739
01/20/2025 Suns at Cavaliers,0022400603,2024-25,2025-01-20, Cavaliers,1610612739, Suns,1610612756
01/18/2025 Cavaliers at Timberwolves,0022400590,2024-25,2025-01-18, Timberwolves,1610612750, Cavaliers,1610612739
01/16/2025 Cavaliers at Thunder,0022400574,2024-25,2025-01-16, Thunder,1610612760, Cavaliers,1610612739
01/14/2025 Cavaliers at Pacers,0022400554,2024-25,2025-01-14, Pacers,1610612754, Cavaliers,1610612739
01/12/2025 Pacers at Cavaliers,0022400543,2024-25,2025-01-12, Cavaliers,1610612739, Pacers,1610612754
01/09/2025 Raptors at Cavaliers,0022400517,2024-25,2025-01-09, Cavaliers,1610612739, Raptors,1610612761
01/08/2025 Thunder at Cavaliers,0022400509,2024-25,2025-01-08, Cavaliers,1610612739, Thunder,1610612760
01/05/2025 Hornets at Cavaliers,0022400488,2024-25,2025-01-05, Cavaliers,1610612739, Hornets,1610612766
01/03/2025 Cavaliers at Mavericks,0022400474,2024-25,2025-01-03, Mavericks,1610612742, Cavaliers,1610612739
12/31/2024 Cavaliers at Lakers,0022400454,2024-25,2024-12-31, Lakers,1610612747, Cavaliers,1610612739
12/30/2024 Cavaliers at Warriors,0022400446,2024-25,2024-12-30, Warriors,1610612744, Cavaliers,1610612739
12/27/2024 Cavaliers at Nuggets,0022400424,2024-25,2024-12-27, Nuggets,1610612743, Cavaliers,1610612739
12/23/2024 Jazz at Cavaliers,0022400392,2024-25,2024-12-23, Cavaliers,1610612739, Jazz,1610612762
12/21/2024 76ers at Cavaliers,0022400380,2024-25,2024-12-21, Cavaliers,1610612739, 76ers,1610612755
12/20/2024 Bucks at Cavaliers,0022400374,2024-25,2024-12-20, Cavaliers,1610612739, Bucks,1610612749
12/16/2024 Cavaliers at Nets,0022401224,2024-25,2024-12-16, Nets,1610612751, Cavaliers,1610612739
12/13/2024 Wizards at Cavaliers,0022401208,2024-25,2024-12-13, Cavaliers,1610612739, Wizards,1610612764
12/08/2024 Cavaliers at Heat,0022400351,2024-25,2024-12-08, Heat,1610612748, Cavaliers,1610612739
12/07/2024 Cavaliers at Hornets,0022400340,2024-25,2024-12-07, Hornets,1610612766, Cavaliers,1610612739
12/05/2024 Nuggets at Cavaliers,0022400325,2024-25,2024-12-05, Cavaliers,1610612739, Nuggets,1610612743
12/03/2024 Wizards at Cavaliers,0022400051,2024-25,2024-12-03, Cavaliers,1610612739, Wizards,1610612764
11/24/2024 Raptors at Cavaliers,0022400275,2024-25,2024-11-24, Cavaliers,1610612739, Raptors,1610612761
11/20/2024 Pelicans at Cavaliers,0022400252,2024-25,2024-11-20, Cavaliers,1610612739, Pelicans,1610612740
11/17/2024 Hornets at Cavaliers,0022400236,2024-25,2024-11-17, Cavaliers,1610612739, Hornets,1610612766
11/15/2024 Bulls at Cavaliers,0022400013,2024-25,2024-11-15, Cavaliers,1610612739, Bulls,1610612741
11/13/2024 Cavaliers at 76ers,0022400220,2024-25,2024-11-13, 76ers,1610612755, Cavaliers,1610612739
11/11/2024 Cavaliers at Bulls,0022400212,2024-25,2024-11-11, Bulls,1610612741, Cavaliers,1610612739
11/09/2024 Nets at Cavaliers,0022400199,2024-25,2024-11-09, Cavaliers,1610612739, Nets,1610612751
11/08/2024 Warriors at Cavaliers,0022400188,2024-25,2024-11-08, Cavaliers,1610612739, Warriors,1610612744
11/06/2024 Cavaliers at Pelicans,0022400175,2024-25,2024-11-06, Pelicans,1610612740, Cavaliers,1610612739
11/04/2024 Bucks at Cavaliers,0022400154,2024-25,2024-11-04, Cavaliers,1610612739, Bucks,1610612749
11/02/2024 Cavaliers at Bucks,0022400145,2024-25,2024-11-02, Bucks,1610612749, Cavaliers,1610612739
11/01/2024 Magic at Cavaliers,0022400133,2024-25,2024-11-01, Cavaliers,1610612739, Magic,1610612753
10/30/2024 Lakers at Cavaliers,0022400118,2024-25,2024-10-30, Cavaliers,1610612739, Lakers,1610612747
10/28/2024 Cavaliers at Knicks,0022400106,2024-25,2024-10-28, Knicks,1610612752, Cavaliers,1610612739
10/26/2024 Cavaliers at Wizards,0022400090,2024-25,2024-10-26, Wizards,1610612764, Cavaliers,1610612739
10/25/2024 Pistons at Cavaliers,0022400080,2024-25,2024-10-25, Cavaliers,1610612739, Pistons,1610612765
10/23/2024 Cavaliers at Raptors,0022400067,2024-25,2024-10-23, Raptors,1610612761, Cavaliers,1610612739
01/29/2025 Mavericks at Pelicans,0022400670,2024-25,2025-01-29, Pelicans,1610612740, Mavericks,1610612742
01/27/2025 Pelicans at Raptors,0022400654,2024-25,2025-01-27, Raptors,1610612761, Pelicans,1610612740
01/25/2025 Pelicans at Hornets,0022400637,2024-25,2025-01-25, Hornets,1610612766, Pelicans,1610612740
01/24/2025 Pelicans at Grizzlies,0022400632,2024-25,2025-01-24, Grizzlies,1610612763, Pelicans,1610612740
01/20/2025 Jazz at Pelicans,0022400605,2024-25,2025-01-20, Pelicans,1610612740, Jazz,1610612762
01/17/2025 Jazz at Pelicans,0022400581,2024-25,2025-01-17, Pelicans,1610612740, Jazz,1610612762
01/15/2025 Mavericks at Pelicans,0022400566,2024-25,2025-01-15, Pelicans,1610612740, Mavericks,1610612742
01/14/2025 Pelicans at Bulls,0022400557,2024-25,2025-01-14, Bulls,1610612741, Pelicans,1610612740
01/10/2025 Pelicans at 76ers,0022400527,2024-25,2025-01-10, 76ers,1610612755, Pelicans,1610612740
01/08/2025 Trail Blazers at Pelicans,0022400514,2024-25,2025-01-08, Pelicans,1610612740, Trail Blazers,1610612757
01/07/2025 Timberwolves at Pelicans,0022400505,2024-25,2025-01-07, Pelicans,1610612740, Timberwolves,1610612750
01/05/2025 Pelicans at Wizards,0022400489,2024-25,2025-01-05, Wizards,1610612764, Pelicans,1610612740
01/03/2025 Wizards at Pelicans,0022400472,2024-25,2025-01-03, Pelicans,1610612740, Wizards,1610612764
01/01/2025 Pelicans at Heat,0022400457,2024-25,2025-01-01, Heat,1610612748, Pelicans,1610612740
12/30/2024 Clippers at Pelicans,0022400444,2024-25,2024-12-30, Pelicans,1610612740, Clippers,1610612746
12/27/2024 Grizzlies at Pelicans,0022400423,2024-25,2024-12-27, Pelicans,1610612740, Grizzlies,1610612763
12/26/2024 Rockets at Pelicans,0022400416,2024-25,2024-12-26, Pelicans,1610612740, Rockets,1610612745
12/22/2024 Nuggets at Pelicans,0022400390,2024-25,2024-12-22, Pelicans,1610612740, Nuggets,1610612743
12/21/2024 Knicks at Pelicans,0022400384,2024-25,2024-12-21, Pelicans,1610612740, Knicks,1610612752
12/19/2024 Pelicans at Rockets,0022400365,2024-25,2024-12-19, Rockets,1610612745, Pelicans,1610612740
12/15/2024 Pelicans at Pacers,0022401216,2024-25,2024-12-15, Pacers,1610612754, Pelicans,1610612740
12/12/2024 Kings at Pelicans,0022401207,2024-25,2024-12-12, Pelicans,1610612740, Kings,1610612758
12/08/2024 Pelicans at Spurs,0022400354,2024-25,2024-12-08, Spurs,1610612759, Pelicans,1610612740
12/07/2024 Thunder at Pelicans,0022400342,2024-25,2024-12-07, Pelicans,1610612740, Thunder,1610612760
12/05/2024 Suns at Pelicans,0022400330,2024-25,2024-12-05, Pelicans,1610612740, Suns,1610612756
12/01/2024 Pelicans at Knicks,0022400308,2024-25,2024-12-01, Knicks,1610612752, Pelicans,1610612740
11/29/2024 Pelicans at Grizzlies,0022400042,2024-25,2024-11-29, Grizzlies,1610612763, Pelicans,1610612740
11/27/2024 Raptors at Pelicans,0022400295,2024-25,2024-11-27, Pelicans,1610612740, Raptors,1610612761
11/25/2024 Pelicans at Pacers,0022400279,2024-25,2024-11-25, Pacers,1610612754, Pelicans,1610612740
11/22/2024 Warriors at Pelicans,0022400032,2024-25,2024-11-22, Pelicans,1610612740, Warriors,1610612744
11/19/2024 Pelicans at Mavericks,0022400024,2024-25,2024-11-19, Mavericks,1610612742, Pelicans,1610612740
11/16/2024 Lakers at Pelicans,0022400231,2024-25,2024-11-16, Pelicans,1610612740, Lakers,1610612747
11/15/2024 Nuggets at Pelicans,0022400017,2024-25,2024-11-15, Pelicans,1610612740, Nuggets,1610612743
11/13/2024 Pelicans at Thunder,0022400221,2024-25,2024-11-13, Thunder,1610612760, Pelicans,1610612740
11/11/2024 Nets at Pelicans,0022400214,2024-25,2024-11-11, Pelicans,1610612740, Nets,1610612751
11/08/2024 Pelicans at Magic,0022400186,2024-25,2024-11-08, Magic,1610612753, Pelicans,1610612740
11/04/2024 Trail Blazers at Pelicans,0022400164,2024-25,2024-11-04, Pelicans,1610612740, Trail Blazers,1610612757
11/01/2024 Pacers at Pelicans,0022400138,2024-25,2024-11-01, Pelicans,1610612740, Pacers,1610612754
10/30/2024 Pelicans at Warriors,0022400126,2024-25,2024-10-30, Warriors,1610612744, Pelicans,1610612740
10/29/2024 Pelicans at Warriors,0022400116,2024-25,2024-10-29, Warriors,1610612744, Pelicans,1610612740
10/27/2024 Pelicans at Trail Blazers,0022400099,2024-25,2024-10-27, Trail Blazers,1610612757, Pelicans,1610612740
10/25/2024 Pelicans at Trail Blazers,0022400086,2024-25,2024-10-25, Trail Blazers,1610612757, Pelicans,1610612740
10/23/2024 Bulls at Pelicans,0022400069,2024-25,2024-10-23, Pelicans,1610612740, Bulls,1610612741
01/27/2025 Nuggets at Bulls,0022400655,2024-25,2025-01-27, Bulls,1610612741, Nuggets,1610612743
01/25/2025 76ers at Bulls,0022400642,2024-25,2025-01-25, Bulls,1610612741, 76ers,1610612755
01/23/2025 Bulls at Warriors,0022400628,2024-25,2025-01-23, Warriors,1610612744, Bulls,1610612741
01/20/2025 Bulls at Clippers,0022400611,2024-25,2025-01-20, Clippers,1610612746, Bulls,1610612741
01/19/2025 Bulls at Trail Blazers,0022400597,2024-25,2025-01-19, Trail Blazers,1610612757, Bulls,1610612741
01/17/2025 Hornets at Bulls,0022400584,2024-25,2025-01-17, Bulls,1610612741, Hornets,1610612766
01/12/2025 Kings at Bulls,0022400541,2024-25,2025-01-12, Bulls,1610612741, Kings,1610612758
01/10/2025 Wizards at Bulls,0022400530,2024-25,2025-01-10, Bulls,1610612741, Wizards,1610612764
01/08/2025 Bulls at Pacers,0022400510,2024-25,2025-01-08, Pacers,1610612754, Bulls,1610612741
01/06/2025 Spurs at Bulls,0022400498,2024-25,2025-01-06, Bulls,1610612741, Spurs,1610612759
01/04/2025 Knicks at Bulls,0022400482,2024-25,2025-01-04, Bulls,1610612741, Knicks,1610612752
01/01/2025 Bulls at Wizards,0022400456,2024-25,2025-01-01, Wizards,1610612764, Bulls,1610612741
12/30/2024 Bulls at Hornets,0022400442,2024-25,2024-12-30, Hornets,1610612766, Bulls,1610612741
12/28/2024 Bucks at Bulls,0022400430,2024-25,2024-12-28, Bulls,1610612741, Bucks,1610612749
12/23/2024 Bucks at Bulls,0022400398,2024-25,2024-12-23, Bulls,1610612741, Bucks,1610612749
12/16/2024 Bulls at Raptors,0022401223,2024-25,2024-12-16, Raptors,1610612761, Bulls,1610612741
12/13/2024 Hornets at Bulls,0022401212,2024-25,2024-12-13, Bulls,1610612741, Hornets,1610612766
12/08/2024 76ers at Bulls,0022400347,2024-25,2024-12-08, Bulls,1610612741, 76ers,1610612755
12/06/2024 Pacers at Bulls,0022400336,2024-25,2024-12-06, Bulls,1610612741, Pacers,1610612754
12/05/2024 Bulls at Spurs,0022400331,2024-25,2024-12-05, Spurs,1610612759, Bulls,1610612741
12/02/2024 Nets at Bulls,0022400317,2024-25,2024-12-02, Bulls,1610612741, Nets,1610612751
11/27/2024 Bulls at Magic,0022400289,2024-25,2024-11-27, Magic,1610612753, Bulls,1610612741
11/26/2024 Bulls at Wizards,0022400035,2024-25,2024-11-26, Wizards,1610612764, Bulls,1610612741
11/23/2024 Grizzlies at Bulls,0022400266,2024-25,2024-11-23, Bulls,1610612741, Grizzlies,1610612763
11/20/2024 Bulls at Bucks,0022400253,2024-25,2024-11-20, Bucks,1610612749, Bulls,1610612741
11/18/2024 Bulls at Pistons,0022400244,2024-25,2024-11-18, Pistons,1610612765, Bulls,1610612741
11/17/2024 Rockets at Bulls,0022400241,2024-25,2024-11-17, Bulls,1610612741, Rockets,1610612745
11/13/2024 Bulls at Knicks,0022400219,2024-25,2024-11-13, Knicks,1610612752, Bulls,1610612741
11/07/2024 Timberwolves at Bulls,0022400181,2024-25,2024-11-07, Bulls,1610612741, Timberwolves,1610612750
11/06/2024 Bulls at Mavericks,0022400176,2024-25,2024-11-06, Mavericks,1610612742, Bulls,1610612741
11/04/2024 Jazz at Bulls,0022400160,2024-25,2024-11-04, Bulls,1610612741, Jazz,1610612762
11/01/2024 Bulls at Nets,0022400136,2024-25,2024-11-01, Nets,1610612751, Bulls,1610612741
10/30/2024 Magic at Bulls,0022400123,2024-25,2024-10-30, Bulls,1610612741, Magic,1610612753
10/28/2024 Bulls at Grizzlies,0022400108,2024-25,2024-10-28, Grizzlies,1610612763, Bulls,1610612741
10/26/2024 Thunder at Bulls,0022400091,2024-25,2024-10-26, Bulls,1610612741, Thunder,1610612760
10/25/2024 Bulls at Bucks,0022400083,2024-25,2024-10-25, Bucks,1610612749, Bulls,1610612741
01/27/2025 Wizards at Mavericks,0022400657,2024-25,2025-01-27, Mavericks,1610612742, Wizards,1610612764
01/23/2025 Mavericks at Thunder,0022400625,2024-25,2025-01-23, Thunder,1610612760, Mavericks,1610612742
01/22/2025 Timberwolves at Mavericks,0022400614,2024-25,2025-01-22, Mavericks,1610612742, Timberwolves,1610612750
01/20/2025 Mavericks at Hornets,0022400599,2024-25,2025-01-20, Hornets,1610612766, Mavericks,1610612742
01/17/2025 Thunder at Mavericks,0022400583,2024-25,2025-01-17, Mavericks,1610612742, Thunder,1610612760
01/14/2025 Nuggets at Mavericks,0022400559,2024-25,2025-01-14, Mavericks,1610612742, Nuggets,1610612743
01/12/2025 Nuggets at Mavericks,0022400540,2024-25,2025-01-12, Mavericks,1610612742, Nuggets,1610612743
01/09/2025 Trail Blazers at Mavericks,0022400521,2024-25,2025-01-09, Mavericks,1610612742, Trail Blazers,1610612757
01/07/2025 Lakers at Mavericks,0022400504,2024-25,2025-01-07, Mavericks,1610612742, Lakers,1610612747
01/06/2025 Mavericks at Grizzlies,0022400499,2024-25,2025-01-06, Grizzlies,1610612763, Mavericks,1610612742
01/01/2025 Mavericks at Rockets,0022400460,2024-25,2025-01-01, Rockets,1610612745, Mavericks,1610612742
12/30/2024 Mavericks at Kings,0022400448,2024-25,2024-12-30, Kings,1610612758, Mavericks,1610612742
12/28/2024 Mavericks at Trail Blazers,0022400434,2024-25,2024-12-28, Trail Blazers,1610612757, Mavericks,1610612742
12/27/2024 Mavericks at Suns,0022400425,2024-25,2024-12-27, Suns,1610612756, Mavericks,1610612742
12/25/2024 Timberwolves at Mavericks,0022400406,2024-25,2024-12-25, Mavericks,1610612742, Timberwolves,1610612750
12/23/2024 Trail Blazers at Mavericks,0022400401,2024-25,2024-12-23, Mavericks,1610612742, Trail Blazers,1610612757
12/21/2024 Clippers at Mavericks,0022400385,2024-25,2024-12-21, Mavericks,1610612742, Clippers,1610612746
12/19/2024 Clippers at Mavericks,0022400368,2024-25,2024-12-19, Mavericks,1610612742, Clippers,1610612746
12/15/2024 Mavericks at Warriors,0022401228,2024-25,2024-12-15, Warriors,1610612744, Mavericks,1610612742
12/10/2024 Mavericks at Thunder,0022401203,2024-25,2024-12-10, Thunder,1610612760, Mavericks,1610612742
12/07/2024 Mavericks at Raptors,0022400344,2024-25,2024-12-07, Raptors,1610612761, Mavericks,1610612742
12/05/2024 Mavericks at Wizards,0022400326,2024-25,2024-12-05, Wizards,1610612764, Mavericks,1610612742
12/03/2024 Grizzlies at Mavericks,0022400056,2024-25,2024-12-03, Mavericks,1610612742, Grizzlies,1610612763
12/01/2024 Mavericks at Trail Blazers,0022400312,2024-25,2024-12-01, Trail Blazers,1610612757, Mavericks,1610612742
11/30/2024 Mavericks at Jazz,0022400304,2024-25,2024-11-30, Jazz,1610612762, Mavericks,1610612742
11/27/2024 Knicks at Mavericks,0022400292,2024-25,2024-11-27, Mavericks,1610612742, Knicks,1610612752
11/24/2024 Mavericks at Heat,0022400273,2024-25,2024-11-24, Heat,1610612748, Mavericks,1610612742
11/22/2024 Mavericks at Nuggets,0022400033,2024-25,2024-11-22, Nuggets,1610612743, Mavericks,1610612742
11/17/2024 Mavericks at Thunder,0022400242,2024-25,2024-11-17, Thunder,1610612760, Mavericks,1610612742
11/16/2024 Spurs at Mavericks,0022400232,2024-25,2024-11-16, Mavericks,1610612742, Spurs,1610612759
11/14/2024 Mavericks at Jazz,0022400228,2024-25,2024-11-14, Jazz,1610612762, Mavericks,1610612742
11/12/2024 Mavericks at Warriors,0022400007,2024-25,2024-11-12, Warriors,1610612744, Mavericks,1610612742
11/10/2024 Mavericks at Nuggets,0022400208,2024-25,2024-11-10, Nuggets,1610612743, Mavericks,1610612742
11/08/2024 Suns at Mavericks,0022400190,2024-25,2024-11-08, Mavericks,1610612742, Suns,1610612756
11/04/2024 Pacers at Mavericks,0022400165,2024-25,2024-11-04, Mavericks,1610612742, Pacers,1610612754
11/03/2024 Magic at Mavericks,0022400153,2024-25,2024-11-03, Mavericks,1610612742, Magic,1610612753
10/31/2024 Rockets at Mavericks,0022400129,2024-25,2024-10-31, Mavericks,1610612742, Rockets,1610612745
10/29/2024 Mavericks at Timberwolves,0022400114,2024-25,2024-10-29, Timberwolves,1610612750, Mavericks,1610612742
10/28/2024 Jazz at Mavericks,0022400110,2024-25,2024-10-28, Mavericks,1610612742, Jazz,1610612762
10/26/2024 Mavericks at Suns,0022400095,2024-25,2024-10-26, Suns,1610612756, Mavericks,1610612742
10/24/2024 Spurs at Mavericks,0022400074,2024-25,2024-10-24, Mavericks,1610612742, Spurs,1610612759
01/29/2025 Nuggets at Knicks,0022400668,2024-25,2025-01-29, Knicks,1610612752, Nuggets,1610612743
01/25/2025 Nuggets at Timberwolves,0022400634,2024-25,2025-01-25, Timberwolves,1610612750, Nuggets,1610612743
01/23/2025 Kings at Nuggets,0022400626,2024-25,2025-01-23, Nuggets,1610612743, Kings,1610612758
01/21/2025 76ers at Nuggets,0022400609,2024-25,2025-01-21, Nuggets,1610612743, 76ers,1610612755
01/19/2025 Nuggets at Magic,0022400593,2024-25,2025-01-19, Magic,1610612753, Nuggets,1610612743
01/17/2025 Nuggets at Heat,0022400579,2024-25,2025-01-17, Heat,1610612748, Nuggets,1610612743
01/15/2025 Rockets at Nuggets,0022400568,2024-25,2025-01-15, Nuggets,1610612743, Rockets,1610612745
01/10/2025 Nets at Nuggets,0022400531,2024-25,2025-01-10, Nuggets,1610612743, Nets,1610612751
01/08/2025 Clippers at Nuggets,0022400515,2024-25,2025-01-08, Nuggets,1610612743, Clippers,1610612746
01/04/2025 Nuggets at Spurs,0022400484,2024-25,2025-01-04, Spurs,1610612759, Nuggets,1610612743
01/03/2025 Spurs at Nuggets,0022400475,2024-25,2025-01-03, Nuggets,1610612743, Spurs,1610612759
12/30/2024 Nuggets at Jazz,0022400445,2024-25,2024-12-30, Jazz,1610612762, Nuggets,1610612743
12/28/2024 Pistons at Nuggets,0022400432,2024-25,2024-12-28, Nuggets,1610612743, Pistons,1610612765
12/25/2024 Nuggets at Suns,0022400409,2024-25,2024-12-25, Suns,1610612756, Nuggets,1610612743
12/23/2024 Suns at Nuggets,0022400402,2024-25,2024-12-23, Nuggets,1610612743, Suns,1610612756
12/19/2024 Nuggets at Trail Blazers,0022400371,2024-25,2024-12-19, Trail Blazers,1610612757, Nuggets,1610612743
12/16/2024 Nuggets at Kings,0022401225,2024-25,2024-12-16, Kings,1610612758, Nuggets,1610612743
12/13/2024 Clippers at Nuggets,0022401213,2024-25,2024-12-13, Nuggets,1610612743, Clippers,1610612746
12/07/2024 Nuggets at Wizards,0022400341,2024-25,2024-12-07, Wizards,1610612764, Nuggets,1610612743
12/03/2024 Warriors at Nuggets,0022400058,2024-25,2024-12-03, Nuggets,1610612743, Warriors,1610612744
12/01/2024 Nuggets at Clippers,0022400314,2024-25,2024-12-01, Clippers,1610612746, Nuggets,1610612743
11/27/2024 Nuggets at Jazz,0022400298,2024-25,2024-11-27, Jazz,1610612762, Nuggets,1610612743
11/25/2024 Knicks at Nuggets,0022400283,2024-25,2024-11-25, Nuggets,1610612743, Knicks,1610612752
11/23/2024 Nuggets at Lakers,0022400270,2024-25,2024-11-23, Lakers,1610612747, Nuggets,1610612743
11/19/2024 Nuggets at Grizzlies,0022400023,2024-25,2024-11-19, Grizzlies,1610612763, Nuggets,1610612743
11/17/2024 Nuggets at Grizzlies,0022400238,2024-25,2024-11-17, Grizzlies,1610612763, Nuggets,1610612743
11/08/2024 Heat at Nuggets,0022400194,2024-25,2024-11-08, Nuggets,1610612743, Heat,1610612748
11/06/2024 Thunder at Nuggets,0022400177,2024-25,2024-11-06, Nuggets,1610612743, Thunder,1610612760
11/04/2024 Raptors at Nuggets,0022400166,2024-25,2024-11-04, Nuggets,1610612743, Raptors,1610612761
11/02/2024 Jazz at Nuggets,0022400148,2024-25,2024-11-02, Nuggets,1610612743, Jazz,1610612762
11/01/2024 Nuggets at Timberwolves,0022400139,2024-25,2024-11-01, Timberwolves,1610612750, Nuggets,1610612743
10/29/2024 Nuggets at Nets,0022400113,2024-25,2024-10-29, Nets,1610612751, Nuggets,1610612743
10/28/2024 Nuggets at Raptors,0022400107,2024-25,2024-10-28, Raptors,1610612761, Nuggets,1610612743
10/26/2024 Clippers at Nuggets,0022400087,2024-25,2024-10-26, Nuggets,1610612743, Clippers,1610612746
10/24/2024 Thunder at Nuggets,0022400075,2024-25,2024-10-24, Nuggets,1610612743, Thunder,1610612760
01/29/2025 Thunder at Warriors,0022400673,2024-25,2025-01-29, Warriors,1610612744, Thunder,1610612760
01/28/2025 Jazz at Warriors,0022400661,2024-25,2025-01-28, Warriors,1610612744, Jazz,1610612762
01/25/2025 Lakers at Warriors,0022400644,2024-25,2025-01-25, Warriors,1610612744, Lakers,1610612747
01/22/2025 Warriors at Kings,0022400619,2024-25,2025-01-22, Kings,1610612758, Warriors,1610612744
01/18/2025 Wizards at Warriors,0022400589,2024-25,2025-01-18, Warriors,1610612744, Wizards,1610612764
01/15/2025 Warriors at Timberwolves,0022400565,2024-25,2025-01-15, Timberwolves,1610612750, Warriors,1610612744
01/13/2025 Warriors at Raptors,0022400550,2024-25,2025-01-13, Raptors,1610612761, Warriors,1610612744
01/10/2025 Warriors at Pacers,0022400525,2024-25,2025-01-10, Pacers,1610612754, Warriors,1610612744
01/09/2025 Warriors at Pistons,0022400518,2024-25,2025-01-09, Pistons,1610612765, Warriors,1610612744
01/07/2025 Heat at Warriors,0022400508,2024-25,2025-01-07, Warriors,1610612744, Heat,1610612748
01/05/2025 Kings at Warriors,0022400492,2024-25,2025-01-05, Warriors,1610612744, Kings,1610612758
01/04/2025 Grizzlies at Warriors,0022400485,2024-25,2025-01-04, Warriors,1610612744, Grizzlies,1610612763
01/02/2025 76ers at Warriors,0022400467,2024-25,2025-01-02, Warriors,1610612744, 76ers,1610612755
12/28/2024 Suns at Warriors,0022400431,2024-25,2024-12-28, Warriors,1610612744, Suns,1610612756
12/27/2024 Warriors at Clippers,0022400426,2024-25,2024-12-27, Clippers,1610612746, Warriors,1610612744
12/25/2024 Lakers at Warriors,0022400408,2024-25,2024-12-25, Warriors,1610612744, Lakers,1610612747
12/23/2024 Pacers at Warriors,0022400403,2024-25,2024-12-23, Warriors,1610612744, Pacers,1610612754
12/21/2024 Warriors at Timberwolves,0022400383,2024-25,2024-12-21, Timberwolves,1610612750, Warriors,1610612744
12/19/2024 Warriors at Grizzlies,0022400366,2024-25,2024-12-19, Grizzlies,1610612763, Warriors,1610612744
12/11/2024 Warriors at Rockets,0022401204,2024-25,2024-12-11, Rockets,1610612745, Warriors,1610612744
12/08/2024 Timberwolves at Warriors,0022400355,2024-25,2024-12-08, Warriors,1610612744, Timberwolves,1610612750
12/06/2024 Timberwolves at Warriors,0022400338,2024-25,2024-12-06, Warriors,1610612744, Timberwolves,1610612750
12/05/2024 Rockets at Warriors,0022400332,2024-25,2024-12-05, Warriors,1610612744, Rockets,1610612745
11/30/2024 Warriors at Suns,0022400303,2024-25,2024-11-30, Suns,1610612756, Warriors,1610612744
11/27/2024 Thunder at Warriors,0022400299,2024-25,2024-11-27, Warriors,1610612744, Thunder,1610612760
11/25/2024 Nets at Warriors,0022400284,2024-25,2024-11-25, Warriors,1610612744, Nets,1610612751
11/23/2024 Warriors at Spurs,0022400269,2024-25,2024-11-23, Spurs,1610612759, Warriors,1610612744
11/18/2024 Warriors at Clippers,0022400251,2024-25,2024-11-18, Clippers,1610612746, Warriors,1610612744
11/15/2024 Grizzlies at Warriors,0022400019,2024-25,2024-11-15, Warriors,1610612744, Grizzlies,1610612763
11/10/2024 Warriors at Thunder,0022400207,2024-25,2024-11-10, Thunder,1610612760, Warriors,1610612744
11/04/2024 Warriors at Wizards,0022400155,2024-25,2024-11-04, Wizards,1610612764, Warriors,1610612744
11/02/2024 Warriors at Rockets,0022400144,2024-25,2024-11-02, Rockets,1610612745, Warriors,1610612744
10/27/2024 Clippers at Warriors,0022400101,2024-25,2024-10-27, Warriors,1610612744, Clippers,1610612746
10/25/2024 Warriors at Jazz,0022400084,2024-25,2024-10-25, Jazz,1610612762, Warriors,1610612744
10/23/2024 Warriors at Trail Blazers,0022400072,2024-25,2024-10-23, Trail Blazers,1610612757, Warriors,1610612744
01/20/2025 Pistons at Rockets,0022400600,2024-25,2025-01-20, Rockets,1610612745, Pistons,1610612765
01/18/2025 Rockets at Trail Blazers,0022400591,2024-25,2025-01-18, Trail Blazers,1610612757, Rockets,1610612745
01/16/2025 Rockets at Kings,0022400576,2024-25,2025-01-16, Kings,1610612758, Rockets,1610612745
01/13/2025 Grizzlies at Rockets,0022400551,2024-25,2025-01-13, Rockets,1610612745, Grizzlies,1610612763
01/09/2025 Rockets at Grizzlies,0022400520,2024-25,2025-01-09, Grizzlies,1610612763, Rockets,1610612745
01/07/2025 Rockets at Wizards,0022400503,2024-25,2025-01-07, Wizards,1610612764, Rockets,1610612745
01/05/2025 Lakers at Rockets,0022400491,2024-25,2025-01-05, Rockets,1610612745, Lakers,1610612747
12/29/2024 Heat at Rockets,0022400439,2024-25,2024-12-29, Rockets,1610612745, Heat,1610612748
12/27/2024 Timberwolves at Rockets,0022400422,2024-25,2024-12-27, Rockets,1610612745, Timberwolves,1610612750
12/23/2024 Rockets at Hornets,0022400391,2024-25,2024-12-23, Hornets,1610612766, Rockets,1610612745
12/22/2024 Rockets at Raptors,0022400388,2024-25,2024-12-22, Raptors,1610612761, Rockets,1610612745
12/14/2024 Rockets at Thunder,0022401230,2024-25,2024-12-14, Thunder,1610612760, Rockets,1610612745
12/08/2024 Rockets at Clippers,0022400356,2024-25,2024-12-08, Clippers,1610612746, Rockets,1610612745
12/03/2024 Rockets at Kings,0022400059,2024-25,2024-12-03, Kings,1610612758, Rockets,1610612745
12/01/2024 Thunder at Rockets,0022400310,2024-25,2024-12-01, Rockets,1610612745, Thunder,1610612760
11/27/2024 Rockets at 76ers,0022400290,2024-25,2024-11-27, 76ers,1610612755, Rockets,1610612745
11/26/2024 Rockets at Timberwolves,0022400037,2024-25,2024-11-26, Timberwolves,1610612750, Rockets,1610612745
11/23/2024 Trail Blazers at Rockets,0022400267,2024-25,2024-11-23, Rockets,1610612745, Trail Blazers,1610612757
11/22/2024 Trail Blazers at Rockets,0022400031,2024-25,2024-11-22, Rockets,1610612745, Trail Blazers,1610612757
11/20/2024 Pacers at Rockets,0022400254,2024-25,2024-11-20, Rockets,1610612745, Pacers,1610612754
11/18/2024 Rockets at Bucks,0022400248,2024-25,2024-11-18, Bucks,1610612749, Rockets,1610612745
11/15/2024 Clippers at Rockets,0022400016,2024-25,2024-11-15, Rockets,1610612745, Clippers,1610612746
11/13/2024 Clippers at Rockets,0022400222,2024-25,2024-11-13, Rockets,1610612745, Clippers,1610612746
11/11/2024 Wizards at Rockets,0022400213,2024-25,2024-11-11, Rockets,1610612745, Wizards,1610612764
11/10/2024 Rockets at Pistons,0022400201,2024-25,2024-11-10, Pistons,1610612765, Rockets,1610612745
11/08/2024 Rockets at Thunder,0022400192,2024-25,2024-11-08, Thunder,1610612760, Rockets,1610612745
11/06/2024 Spurs at Rockets,0022400173,2024-25,2024-11-06, Rockets,1610612745, Spurs,1610612759
11/04/2024 Knicks at Rockets,0022400161,2024-25,2024-11-04, Rockets,1610612745, Knicks,1610612752
10/28/2024 Rockets at Spurs,0022400109,2024-25,2024-10-28, Spurs,1610612759, Rockets,1610612745
10/26/2024 Rockets at Spurs,0022400094,2024-25,2024-10-26, Spurs,1610612759, Rockets,1610612745
10/25/2024 Grizzlies at Rockets,0022400082,2024-25,2024-10-25, Rockets,1610612745, Grizzlies,1610612763
10/23/2024 Hornets at Rockets,0022400068,2024-25,2024-10-23, Rockets,1610612745, Hornets,1610612766
01/29/2025 Clippers at Spurs,0022400671,2024-25,2025-01-29, Spurs,1610612759, Clippers,1610612746
01/27/2025 Clippers at Suns,0022400659,2024-25,2025-01-27, Suns,1610612756, Clippers,1610612746
01/25/2025 Bucks at Clippers,0022400646,2024-25,2025-01-25, Clippers,1610612746, Bucks,1610612749
01/23/2025 Wizards at Clippers,0022400983,2024-25,2025-01-23, Clippers,1610612746, Wizards,1610612764
01/19/2025 Lakers at Clippers,0022400596,2024-25,2025-01-19, Clippers,1610612746, Lakers,1610612747
01/16/2025 Clippers at Trail Blazers,0022400575,2024-25,2025-01-16, Trail Blazers,1610612757, Clippers,1610612746
01/15/2025 Nets at Clippers,0022400571,2024-25,2025-01-15, Clippers,1610612746, Nets,1610612751
01/13/2025 Heat at Clippers,0022400553,2024-25,2025-01-13, Clippers,1610612746, Heat,1610612748
01/06/2025 Clippers at Timberwolves,0022400500,2024-25,2025-01-06, Timberwolves,1610612750, Clippers,1610612746
01/02/2025 Clippers at Thunder,0022400466,2024-25,2025-01-02, Thunder,1610612760, Clippers,1610612746
12/31/2024 Clippers at Spurs,0022400451,2024-25,2024-12-31, Spurs,1610612759, Clippers,1610612746
12/23/2024 Clippers at Grizzlies,0022400399,2024-25,2024-12-23, Grizzlies,1610612763, Clippers,1610612746
12/16/2024 Jazz at Clippers,0022401226,2024-25,2024-12-16, Clippers,1610612746, Jazz,1610612762
12/04/2024 Timberwolves at Clippers,0022400324,2024-25,2024-12-04, Clippers,1610612746, Timberwolves,1610612750
12/03/2024 Trail Blazers at Clippers,0022400060,2024-25,2024-12-03, Clippers,1610612746, Trail Blazers,1610612757
11/29/2024 Clippers at Timberwolves,0022400044,2024-25,2024-11-29, Timberwolves,1610612750, Clippers,1610612746
11/27/2024 Clippers at Wizards,0022400291,2024-25,2024-11-27, Wizards,1610612764, Clippers,1610612746
11/24/2024 Clippers at 76ers,0022400274,2024-25,2024-11-24, 76ers,1610612755, Clippers,1610612746
11/22/2024 Kings at Clippers,0022400034,2024-25,2024-11-22, Clippers,1610612746, Kings,1610612758
11/20/2024 Magic at Clippers,0022400259,2024-25,2024-11-20, Clippers,1610612746, Magic,1610612753
11/17/2024 Jazz at Clippers,0022400243,2024-25,2024-11-17, Clippers,1610612746, Jazz,1610612762
11/11/2024 Clippers at Thunder,0022400215,2024-25,2024-11-11, Thunder,1610612760, Clippers,1610612746
11/09/2024 Raptors at Clippers,0022400200,2024-25,2024-11-09, Clippers,1610612746, Raptors,1610612761
11/08/2024 Clippers at Kings,0022400196,2024-25,2024-11-08, Kings,1610612758, Clippers,1610612746
11/06/2024 76ers at Clippers,0022400179,2024-25,2024-11-06, Clippers,1610612746, 76ers,1610612755
11/04/2024 Spurs at Clippers,0022400168,2024-25,2024-11-04, Clippers,1610612746, Spurs,1610612759
11/02/2024 Thunder at Clippers,0022400150,2024-25,2024-11-02, Clippers,1610612746, Thunder,1610612760
10/31/2024 Suns at Clippers,0022400131,2024-25,2024-10-31, Clippers,1610612746, Suns,1610612756
10/30/2024 Trail Blazers at Clippers,0022400127,2024-25,2024-10-30, Clippers,1610612746, Trail Blazers,1610612757
10/23/2024 Suns at Clippers,0022400071,2024-25,2024-10-23, Clippers,1610612746, Suns,1610612756
01/28/2025 Lakers at 76ers,0022400660,2024-25,2025-01-28, 76ers,1610612755, Lakers,1610612747
01/27/2025 Lakers at Hornets,0022400648,2024-25,2025-01-27, Hornets,1610612766, Lakers,1610612747
01/21/2025 Wizards at Lakers,0022400610,2024-25,2025-01-21, Lakers,1610612747, Wizards,1610612764
01/17/2025 Nets at Lakers,0022400585,2024-25,2025-01-17, Lakers,1610612747, Nets,1610612751
01/15/2025 Heat at Lakers,0022400570,2024-25,2025-01-15, Lakers,1610612747, Heat,1610612748
01/13/2025 Spurs at Lakers,0022400552,2024-25,2025-01-13, Lakers,1610612747, Spurs,1610612759
01/02/2025 Trail Blazers at Lakers,0022400468,2024-25,2025-01-02, Lakers,1610612747, Trail Blazers,1610612757
12/28/2024 Kings at Lakers,0022400435,2024-25,2024-12-28, Lakers,1610612747, Kings,1610612758
12/23/2024 Pistons at Lakers,0022400404,2024-25,2024-12-23, Lakers,1610612747, Pistons,1610612765
12/21/2024 Lakers at Kings,0022400376,2024-25,2024-12-21, Kings,1610612758, Lakers,1610612747
12/19/2024 Lakers at Kings,0022400372,2024-25,2024-12-19, Kings,1610612758, Lakers,1610612747
12/15/2024 Grizzlies at Lakers,0022401220,2024-25,2024-12-15, Lakers,1610612747, Grizzlies,1610612763
12/13/2024 Lakers at Timberwolves,0022401210,2024-25,2024-12-13, Timberwolves,1610612750, Lakers,1610612747
12/08/2024 Trail Blazers at Lakers,0022400358,2024-25,2024-12-08, Lakers,1610612747, Trail Blazers,1610612757
12/04/2024 Lakers at Heat,0022400321,2024-25,2024-12-04, Heat,1610612748, Lakers,1610612747
12/02/2024 Lakers at Timberwolves,0022400318,2024-25,2024-12-02, Timberwolves,1610612750, Lakers,1610612747
12/01/2024 Lakers at Jazz,0022400311,2024-25,2024-12-01, Jazz,1610612762, Lakers,1610612747
11/29/2024 Thunder at Lakers,0022400048,2024-25,2024-11-29, Lakers,1610612747, Thunder,1610612760
11/27/2024 Lakers at Spurs,0022400296,2024-25,2024-11-27, Spurs,1610612759, Lakers,1610612747
11/26/2024 Lakers at Suns,0022400039,2024-25,2024-11-26, Suns,1610612756, Lakers,1610612747
11/21/2024 Magic at Lakers,0022400263,2024-25,2024-11-21, Lakers,1610612747, Magic,1610612753
11/19/2024 Jazz at Lakers,0022400026,2024-25,2024-11-19, Lakers,1610612747, Jazz,1610612762
11/15/2024 Lakers at Spurs,0022400015,2024-25,2024-11-15, Spurs,1610612759, Lakers,1610612747
11/13/2024 Grizzlies at Lakers,0022400225,2024-25,2024-11-13, Lakers,1610612747, Grizzlies,1610612763
11/10/2024 Raptors at Lakers,0022400211,2024-25,2024-11-10, Lakers,1610612747, Raptors,1610612761
11/08/2024 76ers at Lakers,0022400195,2024-25,2024-11-08, Lakers,1610612747, 76ers,1610612755
11/06/2024 Lakers at Grizzlies,0022400174,2024-25,2024-11-06, Grizzlies,1610612763, Lakers,1610612747
11/04/2024 Lakers at Pistons,0022400156,2024-25,2024-11-04, Pistons,1610612765, Lakers,1610612747
11/01/2024 Lakers at Raptors,0022400137,2024-25,2024-11-01, Raptors,1610612761, Lakers,1610612747
10/28/2024 Lakers at Suns,0022400111,2024-25,2024-10-28, Suns,1610612756, Lakers,1610612747
10/26/2024 Kings at Lakers,0022400096,2024-25,2024-10-26, Lakers,1610612747, Kings,1610612758
10/25/2024 Suns at Lakers,0022400085,2024-25,2024-10-25, Lakers,1610612747, Suns,1610612756
10/22/2024 Timberwolves at Lakers,0022400062,2024-25,2024-10-22, Lakers,1610612747, Timberwolves,1610612750
01/27/2025 Magic at Heat,0022400652,2024-25,2025-01-27, Heat,1610612748, Magic,1610612753
01/25/2025 Heat at Nets,0022400636,2024-25,2025-01-25, Nets,1610612751, Heat,1610612748
01/23/2025 Heat at Bucks,0022400624,2024-25,2025-01-23, Bucks,1610612749, Heat,1610612748
01/21/2025 Trail Blazers at Heat,0022400607,2024-25,2025-01-21, Heat,1610612748, Trail Blazers,1610612757
01/19/2025 Spurs at Heat,0022400592,2024-25,2025-01-19, Heat,1610612748, Spurs,1610612759
01/11/2025 Heat at Trail Blazers,0022400536,2024-25,2025-01-11, Trail Blazers,1610612757, Heat,1610612748
01/09/2025 Heat at Jazz,0022400523,2024-25,2025-01-09, Jazz,1610612762, Heat,1610612748
01/06/2025 Heat at Kings,0022400501,2024-25,2025-01-06, Kings,1610612758, Heat,1610612748
01/04/2025 Jazz at Heat,0022400481,2024-25,2025-01-04, Heat,1610612748, Jazz,1610612762
01/02/2025 Pacers at Heat,0022400463,2024-25,2025-01-02, Heat,1610612748, Pacers,1610612754
12/26/2024 Heat at Magic,0022400411,2024-25,2024-12-26, Magic,1610612753, Heat,1610612748
12/23/2024 Nets at Heat,0022400396,2024-25,2024-12-23, Heat,1610612748, Nets,1610612751
12/21/2024 Heat at Magic,0022400377,2024-25,2024-12-21, Magic,1610612753, Heat,1610612748
12/20/2024 Thunder at Heat,0022400375,2024-25,2024-12-20, Heat,1610612748, Thunder,1610612760
12/16/2024 Heat at Pistons,0022401221,2024-25,2024-12-16, Pistons,1610612765, Heat,1610612748
12/12/2024 Raptors at Heat,0022401206,2024-25,2024-12-12, Heat,1610612748, Raptors,1610612761
12/07/2024 Suns at Heat,0022400346,2024-25,2024-12-07, Heat,1610612748, Suns,1610612756
12/01/2024 Heat at Raptors,0022400309,2024-25,2024-12-01, Raptors,1610612761, Heat,1610612748
11/29/2024 Raptors at Heat,0022400046,2024-25,2024-11-29, Heat,1610612748, Raptors,1610612761
11/27/2024 Heat at Hornets,0022400286,2024-25,2024-11-27, Hornets,1610612766, Heat,1610612748
11/26/2024 Bucks at Heat,0022400036,2024-25,2024-11-26, Heat,1610612748, Bucks,1610612749
11/18/2024 76ers at Heat,0022400245,2024-25,2024-11-18, Heat,1610612748, 76ers,1610612755
11/17/2024 Heat at Pacers,0022400235,2024-25,2024-11-17, Pacers,1610612754, Heat,1610612748
11/15/2024 Heat at Pacers,0022400009,2024-25,2024-11-15, Pacers,1610612754, Heat,1610612748
11/12/2024 Heat at Pistons,0022400002,2024-25,2024-11-12, Pistons,1610612765, Heat,1610612748
11/10/2024 Heat at Timberwolves,0022400206,2024-25,2024-11-10, Timberwolves,1610612750, Heat,1610612748
11/06/2024 Heat at Suns,0022400178,2024-25,2024-11-06, Suns,1610612756, Heat,1610612748
11/04/2024 Kings at Heat,0022400159,2024-25,2024-11-04, Heat,1610612748, Kings,1610612758
11/02/2024 Heat at Wizards,0022400147,2024-25,2024-11-02, Wizards,1610612764, Heat,1610612748
10/30/2024 Knicks at Heat,0022400122,2024-25,2024-10-30, Heat,1610612748, Knicks,1610612752
10/28/2024 Pistons at Heat,0022400105,2024-25,2024-10-28, Heat,1610612748, Pistons,1610612765
10/26/2024 Heat at Hornets,0022400088,2024-25,2024-10-26, Hornets,1610612766, Heat,1610612748
10/23/2024 Magic at Heat,0022400065,2024-25,2024-10-23, Heat,1610612748, Magic,1610612753
01/28/2025 Bucks at Trail Blazers,0022400662,2024-25,2025-01-28, Trail Blazers,1610612757, Bucks,1610612749
01/27/2025 Bucks at Jazz,0022400658,2024-25,2025-01-27, Jazz,1610612762, Bucks,1610612749
01/19/2025 76ers at Bucks,0022400594,2024-25,2025-01-19, Bucks,1610612749, 76ers,1610612755
01/17/2025 Raptors at Bucks,0022400580,2024-25,2025-01-17, Bucks,1610612749, Raptors,1610612761
01/15/2025 Magic at Bucks,0022400564,2024-25,2025-01-15, Bucks,1610612749, Magic,1610612753
01/14/2025 Kings at Bucks,0022400558,2024-25,2025-01-14, Bucks,1610612749, Kings,1610612758
01/12/2025 Bucks at Knicks,0022400539,2024-25,2025-01-12, Knicks,1610612752, Bucks,1610612749
01/10/2025 Bucks at Magic,0022400526,2024-25,2025-01-10, Magic,1610612753, Bucks,1610612749
01/08/2025 Spurs at Bucks,0022400516,2024-25,2025-01-08, Bucks,1610612749, Spurs,1610612759
01/06/2025 Bucks at Raptors,0022400497,2024-25,2025-01-06, Raptors,1610612761, Bucks,1610612749
01/04/2025 Trail Blazers at Bucks,0022400483,2024-25,2025-01-04, Bucks,1610612749, Trail Blazers,1610612757
01/02/2025 Nets at Bucks,0022400465,2024-25,2025-01-02, Bucks,1610612749, Nets,1610612751
12/31/2024 Bucks at Pacers,0022400450,2024-25,2024-12-31, Pacers,1610612754, Bucks,1610612749
12/26/2024 Nets at Bucks,0022400415,2024-25,2024-12-26, Bucks,1610612749, Nets,1610612751
12/21/2024 Wizards at Bucks,0022400382,2024-25,2024-12-21, Bucks,1610612749, Wizards,1610612764
12/10/2024 Magic at Bucks,0022401201,2024-25,2024-12-10, Bucks,1610612749, Magic,1610612753
12/08/2024 Bucks at Nets,0022400348,2024-25,2024-12-08, Nets,1610612751, Bucks,1610612749
12/03/2024 Bucks at Pistons,0022400052,2024-25,2024-12-03, Pistons,1610612765, Bucks,1610612749
11/30/2024 Wizards at Bucks,0022400302,2024-25,2024-11-30, Bucks,1610612749, Wizards,1610612764
11/23/2024 Hornets at Bucks,0022400268,2024-25,2024-11-23, Bucks,1610612749, Hornets,1610612766
11/22/2024 Pacers at Bucks,0022400029,2024-25,2024-11-22, Bucks,1610612749, Pacers,1610612754
11/16/2024 Bucks at Hornets,0022400229,2024-25,2024-11-16, Hornets,1610612766, Bucks,1610612749
11/13/2024 Pistons at Bucks,0022400223,2024-25,2024-11-13, Bucks,1610612749, Pistons,1610612765
11/12/2024 Raptors at Bucks,0022400005,2024-25,2024-11-12, Bucks,1610612749, Raptors,1610612761
11/08/2024 Bucks at Knicks,0022400189,2024-25,2024-11-08, Knicks,1610612752, Bucks,1610612749
11/07/2024 Jazz at Bucks,0022400182,2024-25,2024-11-07, Bucks,1610612749, Jazz,1610612762
10/31/2024 Bucks at Grizzlies,0022400128,2024-25,2024-10-31, Grizzlies,1610612763, Bucks,1610612749
10/27/2024 Bucks at Nets,0022400098,2024-25,2024-10-27, Nets,1610612751, Bucks,1610612749
10/23/2024 Bucks at 76ers,0022400066,2024-25,2024-10-23, 76ers,1610612755, Bucks,1610612749
01/29/2025 Timberwolves at Suns,0022400672,2024-25,2025-01-29, Suns,1610612756, Timberwolves,1610612750
01/20/2025 Timberwolves at Grizzlies,0022400601,2024-25,2025-01-20, Grizzlies,1610612763, Timberwolves,1610612750
01/17/2025 Timberwolves at Knicks,0022400578,2024-25,2025-01-17, Knicks,1610612752, Timberwolves,1610612750
01/13/2025 Timberwolves at Wizards,0022400548,2024-25,2025-01-13, Wizards,1610612764, Timberwolves,1610612750
01/11/2025 Grizzlies at Timberwolves,0022400535,2024-25,2025-01-11, Timberwolves,1610612750, Grizzlies,1610612763
01/09/2025 Timberwolves at Magic,0022400519,2024-25,2025-01-09, Magic,1610612753, Timberwolves,1610612750
01/04/2025 Timberwolves at Pistons,0022400479,2024-25,2025-01-04, Pistons,1610612765, Timberwolves,1610612750
12/31/2024 Timberwolves at Thunder,0022400452,2024-25,2024-12-31, Thunder,1610612760, Timberwolves,1610612750
12/29/2024 Spurs at Timberwolves,0022400441,2024-25,2024-12-29, Timberwolves,1610612750, Spurs,1610612759
12/19/2024 Knicks at Timberwolves,0022400367,2024-25,2024-12-19, Timberwolves,1610612750, Knicks,1610612752
12/15/2024 Timberwolves at Spurs,0022401218,2024-25,2024-12-15, Spurs,1610612759, Timberwolves,1610612750
11/27/2024 Kings at Timberwolves,0022400294,2024-25,2024-11-27, Timberwolves,1610612750, Kings,1610612758
11/21/2024 Timberwolves at Raptors,0022400261,2024-25,2024-11-21, Raptors,1610612761, Timberwolves,1610612750
11/17/2024 Suns at Timberwolves,0022400234,2024-25,2024-11-17, Timberwolves,1610612750, Suns,1610612756
11/15/2024 Timberwolves at Kings,0022400020,2024-25,2024-11-15, Kings,1610612758, Timberwolves,1610612750
11/13/2024 Timberwolves at Trail Blazers,0022400226,2024-25,2024-11-13, Trail Blazers,1610612757, Timberwolves,1610612750
11/12/2024 Timberwolves at Trail Blazers,0022400008,2024-25,2024-11-12, Trail Blazers,1610612757, Timberwolves,1610612750
11/08/2024 Trail Blazers at Timberwolves,0022400193,2024-25,2024-11-08, Timberwolves,1610612750, Trail Blazers,1610612757
11/04/2024 Hornets at Timberwolves,0022400162,2024-25,2024-11-04, Timberwolves,1610612750, Hornets,1610612766
11/02/2024 Timberwolves at Spurs,0022400146,2024-25,2024-11-02, Spurs,1610612759, Timberwolves,1610612750
10/26/2024 Raptors at Timberwolves,0022400093,2024-25,2024-10-26, Timberwolves,1610612750, Raptors,1610612761
10/24/2024 Timberwolves at Kings,0022400076,2024-25,2024-10-24, Kings,1610612758, Timberwolves,1610612750
01/29/2025 Nets at Hornets,0022400663,2024-25,2025-01-29, Hornets,1610612766, Nets,1610612751
01/27/2025 Kings at Nets,0022400651,2024-25,2025-01-27, Nets,1610612751, Kings,1610612758
01/22/2025 Suns at Nets,0022400613,2024-25,2025-01-22, Nets,1610612751, Suns,1610612756
01/21/2025 Knicks at Nets,0022400606,2024-25,2025-01-21, Nets,1610612751, Knicks,1610612752
01/19/2025 Nets at Thunder,0022400595,2024-25,2025-01-19, Thunder,1610612760, Nets,1610612751
01/14/2025 Nets at Trail Blazers,0022400560,2024-25,2025-01-14, Trail Blazers,1610612757, Nets,1610612751
01/12/2025 Nets at Jazz,0022400546,2024-25,2025-01-12, Jazz,1610612762, Nets,1610612751
01/08/2025 Pistons at Nets,0022400513,2024-25,2025-01-08, Nets,1610612751, Pistons,1610612765
01/06/2025 Pacers at Nets,0022400495,2024-25,2025-01-06, Nets,1610612751, Pacers,1610612754
01/04/2025 76ers at Nets,0022400478,2024-25,2025-01-04, Nets,1610612751, 76ers,1610612755
01/01/2025 Nets at Raptors,0022400459,2024-25,2025-01-01, Raptors,1610612761, Nets,1610612751
12/29/2024 Nets at Magic,0022400436,2024-25,2024-12-29, Magic,1610612753, Nets,1610612751
12/27/2024 Spurs at Nets,0022400421,2024-25,2024-12-27, Nets,1610612751, Spurs,1610612759
12/21/2024 Jazz at Nets,0022400379,2024-25,2024-12-21, Nets,1610612751, Jazz,1610612762
12/19/2024 Nets at Raptors,0022400364,2024-25,2024-12-19, Raptors,1610612761, Nets,1610612751
12/13/2024 Nets at Grizzlies,0022401211,2024-25,2024-12-13, Grizzlies,1610612763, Nets,1610612751
12/04/2024 Pacers at Nets,0022400320,2024-25,2024-12-04, Nets,1610612751, Pacers,1610612754
12/01/2024 Magic at Nets,0022400305,2024-25,2024-12-01, Nets,1610612751, Magic,1610612753
11/29/2024 Magic at Nets,0022400043,2024-25,2024-11-29, Nets,1610612751, Magic,1610612753
11/27/2024 Nets at Suns,0022400297,2024-25,2024-11-27, Suns,1610612756, Nets,1610612751
11/24/2024 Nets at Kings,0022400276,2024-25,2024-11-24, Kings,1610612758, Nets,1610612751
11/22/2024 Nets at 76ers,0022400027,2024-25,2024-11-22, 76ers,1610612755, Nets,1610612751
11/19/2024 Hornets at Nets,0022400022,2024-25,2024-11-19, Nets,1610612751, Hornets,1610612766
11/17/2024 Nets at Knicks,0022400240,2024-25,2024-11-17, Knicks,1610612752, Nets,1610612751
11/15/2024 Nets at Knicks,0022400014,2024-25,2024-11-15, Knicks,1610612752, Nets,1610612751
11/04/2024 Grizzlies at Nets,0022400158,2024-25,2024-11-04, Nets,1610612751, Grizzlies,1610612763
11/03/2024 Pistons at Nets,0022400151,2024-25,2024-11-03, Nets,1610612751, Pistons,1610612765
10/30/2024 Nets at Grizzlies,0022400124,2024-25,2024-10-30, Grizzlies,1610612763, Nets,1610612751
10/25/2024 Nets at Magic,0022400077,2024-25,2024-10-25, Magic,1610612753, Nets,1610612751
01/27/2025 Grizzlies at Knicks,0022400653,2024-25,2025-01-27, Knicks,1610612752, Grizzlies,1610612763
01/25/2025 Kings at Knicks,0022400641,2024-25,2025-01-25, Knicks,1610612752, Kings,1610612758
01/15/2025 Knicks at 76ers,0022400561,2024-25,2025-01-15, 76ers,1610612755, Knicks,1610612752
01/13/2025 Pistons at Knicks,0022400549,2024-25,2025-01-13, Knicks,1610612752, Pistons,1610612765
01/10/2025 Thunder at Knicks,0022400529,2024-25,2025-01-10, Knicks,1610612752, Thunder,1610612760
01/08/2025 Raptors at Knicks,0022400511,2024-25,2025-01-08, Knicks,1610612752, Raptors,1610612761
01/06/2025 Magic at Knicks,0022400496,2024-25,2025-01-06, Knicks,1610612752, Magic,1610612753
01/03/2025 Knicks at Thunder,0022400473,2024-25,2025-01-03, Thunder,1610612760, Knicks,1610612752
01/01/2025 Jazz at Knicks,0022400458,2024-25,2025-01-01, Knicks,1610612752, Jazz,1610612762
12/30/2024 Knicks at Wizards,0022400443,2024-25,2024-12-30, Wizards,1610612764, Knicks,1610612752
12/28/2024 Knicks at Wizards,0022400429,2024-25,2024-12-28, Wizards,1610612764, Knicks,1610612752
12/27/2024 Knicks at Magic,0022400419,2024-25,2024-12-27, Magic,1610612753, Knicks,1610612752
12/25/2024 Spurs at Knicks,0022400405,2024-25,2024-12-25, Knicks,1610612752, Spurs,1610612759
12/23/2024 Raptors at Knicks,0022400397,2024-25,2024-12-23, Knicks,1610612752, Raptors,1610612761
12/15/2024 Knicks at Magic,0022401227,2024-25,2024-12-15, Magic,1610612753, Knicks,1610612752
12/09/2024 Knicks at Raptors,0022400359,2024-25,2024-12-09, Raptors,1610612761, Knicks,1610612752
12/07/2024 Pistons at Knicks,0022400343,2024-25,2024-12-07, Knicks,1610612752, Pistons,1610612765
12/05/2024 Hornets at Knicks,0022400327,2024-25,2024-12-05, Knicks,1610612752, Hornets,1610612766
12/03/2024 Magic at Knicks,0022400053,2024-25,2024-12-03, Knicks,1610612752, Magic,1610612753
11/29/2024 Knicks at Hornets,0022400040,2024-25,2024-11-29, Hornets,1610612766, Knicks,1610612752
11/23/2024 Knicks at Jazz,0022400264,2024-25,2024-11-23, Jazz,1610612762, Knicks,1610612752
11/20/2024 Knicks at Suns,0022400257,2024-25,2024-11-20, Suns,1610612756, Knicks,1610612752
11/18/2024 Wizards at Knicks,0022400246,2024-25,2024-11-18, Knicks,1610612752, Wizards,1610612764
11/12/2024 Knicks at 76ers,0022400004,2024-25,2024-11-12, 76ers,1610612755, Knicks,1610612752
11/10/2024 Knicks at Pacers,0022400203,2024-25,2024-11-10, Pacers,1610612754, Knicks,1610612752
11/01/2024 Knicks at Pistons,0022400134,2024-25,2024-11-01, Pistons,1610612765, Knicks,1610612752
10/25/2024 Pacers at Knicks,0022400081,2024-25,2024-10-25, Knicks,1610612752, Pacers,1610612754
01/25/2025 Pistons at Magic,0022400638,2024-25,2025-01-25, Magic,1610612753, Pistons,1610612765
01/23/2025 Trail Blazers at Magic,0022400622,2024-25,2025-01-23, Magic,1610612753, Trail Blazers,1610612757
01/21/2025 Magic at Raptors,0022400608,2024-25,2025-01-21, Raptors,1610612761, Magic,1610612753
01/12/2025 76ers at Magic,0022400544,2024-25,2025-01-12, Magic,1610612753, 76ers,1610612755
01/05/2025 Jazz at Magic,0022400490,2024-25,2025-01-05, Magic,1610612753, Jazz,1610612762
01/03/2025 Magic at Raptors,0022400470,2024-25,2025-01-03, Raptors,1610612761, Magic,1610612753
01/01/2025 Magic at Pistons,0022400455,2024-25,2025-01-01, Pistons,1610612765, Magic,1610612753
12/19/2024 Thunder at Magic,0022400361,2024-25,2024-12-19, Magic,1610612753, Thunder,1610612760
12/08/2024 Suns at Magic,0022400352,2024-25,2024-12-08, Magic,1610612753, Suns,1610612756
12/06/2024 Magic at 76ers,0022400333,2024-25,2024-12-06, 76ers,1610612755, Magic,1610612753
12/04/2024 Magic at 76ers,0022400322,2024-25,2024-12-04, 76ers,1610612755, Magic,1610612753
11/25/2024 Magic at Hornets,0022400277,2024-25,2024-11-25, Hornets,1610612766, Magic,1610612753
11/23/2024 Pistons at Magic,0022400265,2024-25,2024-11-23, Magic,1610612753, Pistons,1610612765
11/18/2024 Magic at Suns,0022400249,2024-25,2024-11-18, Suns,1610612756, Magic,1610612753
11/15/2024 76ers at Magic,0022400010,2024-25,2024-11-15, Magic,1610612753, 76ers,1610612755
11/13/2024 Pacers at Magic,0022400217,2024-25,2024-11-13, Magic,1610612753, Pacers,1610612754
11/12/2024 Hornets at Magic,0022400003,2024-25,2024-11-12, Magic,1610612753, Hornets,1610612766
11/10/2024 Wizards at Magic,0022400204,2024-25,2024-11-10, Magic,1610612753, Wizards,1610612764
11/06/2024 Magic at Pacers,0022400170,2024-25,2024-11-06, Pacers,1610612754, Magic,1610612753
11/04/2024 Magic at Thunder,0022400163,2024-25,2024-11-04, Thunder,1610612760, Magic,1610612753
10/28/2024 Pacers at Magic,0022400102,2024-25,2024-10-28, Magic,1610612753, Pacers,1610612754
10/26/2024 Magic at Grizzlies,0022400092,2024-25,2024-10-26, Grizzlies,1610612763, Magic,1610612753
01/29/2025 Pistons at Pacers,0022400664,2024-25,2025-01-29, Pacers,1610612754, Pistons,1610612765
01/25/2025 Pacers at Spurs,0022400633,2024-25,2025-01-25, Spurs,1610612759, Pacers,1610612754
01/23/2025 Spurs at Pacers,0022400621,2024-25,2025-01-23, Pacers,1610612754, Spurs,1610612759
01/18/2025 76ers at Pacers,0022400588,2024-25,2025-01-18, Pacers,1610612754, 76ers,1610612755
01/16/2025 Pacers at Pistons,0022400572,2024-25,2025-01-16, Pistons,1610612765, Pacers,1610612754
01/04/2025 Suns at Pacers,0022400480,2024-25,2025-01-04, Pacers,1610612754, Suns,1610612756
12/26/2024 Thunder at Pacers,0022400410,2024-25,2024-12-26, Pacers,1610612754, Thunder,1610612760
12/22/2024 Pacers at Kings,0022400389,2024-25,2024-12-22, Kings,1610612758, Pacers,1610612754
12/19/2024 Pacers at Suns,0022400369,2024-25,2024-12-19, Suns,1610612756, Pacers,1610612754
12/13/2024 Pacers at 76ers,0022401209,2024-25,2024-12-13, 76ers,1610612755, Pacers,1610612754
12/08/2024 Hornets at Pacers,0022400349,2024-25,2024-12-08, Pacers,1610612754, Hornets,1610612766
12/03/2024 Pacers at Raptors,0022400054,2024-25,2024-12-03, Raptors,1610612761, Pacers,1610612754
12/01/2024 Pacers at Grizzlies,0022400306,2024-25,2024-12-01, Grizzlies,1610612763, Pacers,1610612754
11/29/2024 Pistons at Pacers,0022400045,2024-25,2024-11-29, Pacers,1610612754, Pistons,1610612765
11/27/2024 Trail Blazers at Pacers,0022400288,2024-25,2024-11-27, Pacers,1610612754, Trail Blazers,1610612757
11/24/2024 Wizards at Pacers,0022400272,2024-25,2024-11-24, Pacers,1610612754, Wizards,1610612764
11/18/2024 Pacers at Raptors,0022400247,2024-25,2024-11-18, Raptors,1610612761, Pacers,1610612754
11/08/2024 Pacers at Hornets,0022400184,2024-25,2024-11-08, Hornets,1610612766, Pacers,1610612754
10/27/2024 76ers at Pacers,0022400097,2024-25,2024-10-27, Pacers,1610612754, 76ers,1610612755
10/23/2024 Pacers at Pistons,0022400063,2024-25,2024-10-23, Pistons,1610612765, Pacers,1610612754
01/29/2025 Kings at 76ers,0022400669,2024-25,2025-01-29, 76ers,1610612755, Kings,1610612758
01/14/2025 Thunder at 76ers,0022400555,2024-25,2025-01-14, 76ers,1610612755, Thunder,1610612760
01/08/2025 Wizards at 76ers,0022400512,2024-25,2025-01-08, 76ers,1610612755, Wizards,1610612764
01/06/2025 Suns at 76ers,0022400494,2024-25,2025-01-06, 76ers,1610612755, Suns,1610612756
01/01/2025 76ers at Kings,0022400462,2024-25,2025-01-01, Kings,1610612758, 76ers,1610612755
12/30/2024 76ers at Trail Blazers,0022400447,2024-25,2024-12-30, Trail Blazers,1610612757, 76ers,1610612755
12/28/2024 76ers at Jazz,0022400433,2024-25,2024-12-28, Jazz,1610612762, 76ers,1610612755
12/23/2024 Spurs at 76ers,0022400394,2024-25,2024-12-23, 76ers,1610612755, Spurs,1610612759
12/20/2024 Hornets at 76ers,0022400373,2024-25,2024-12-20, 76ers,1610612755, Hornets,1610612766
12/16/2024 76ers at Hornets,0022401222,2024-25,2024-12-16, Hornets,1610612766, 76ers,1610612755
12/03/2024 76ers at Hornets,0022400050,2024-25,2024-12-03, Hornets,1610612766, 76ers,1610612755
11/30/2024 76ers at Pistons,0022400301,2024-25,2024-11-30, Pistons,1610612765, 76ers,1610612755
11/20/2024 76ers at Grizzlies,0022400255,2024-25,2024-11-20, Grizzlies,1610612763, 76ers,1610612755
11/10/2024 Hornets at 76ers,0022400205,2024-25,2024-11-10, 76ers,1610612755, Hornets,1610612766
11/04/2024 76ers at Suns,0022400167,2024-25,2024-11-04, Suns,1610612756, 76ers,1610612755
11/02/2024 Grizzlies at 76ers,0022400142,2024-25,2024-11-02, 76ers,1610612755, Grizzlies,1610612763
10/30/2024 Pistons at 76ers,0022400120,2024-25,2024-10-30, 76ers,1610612755, Pistons,1610612765
10/25/2024 76ers at Raptors,0022400078,2024-25,2024-10-25, Raptors,1610612761, 76ers,1610612755
01/25/2025 Wizards at Suns,0022400645,2024-25,2025-01-25, Suns,1610612756, Wizards,1610612764
01/18/2025 Suns at Pistons,0022400586,2024-25,2025-01-18, Pistons,1610612765, Suns,1610612756
01/16/2025 Suns at Wizards,0022400573,2024-25,2025-01-16, Wizards,1610612764, Suns,1610612756
01/12/2025 Hornets at Suns,0022400547,2024-25,2025-01-12, Suns,1610612756, Hornets,1610612766
01/11/2025 Jazz at Suns,0022400533,2024-25,2025-01-11, Suns,1610612756, Jazz,1610612762
01/07/2025 Suns at Hornets,0022400502,2024-25,2025-01-07, Hornets,1610612766, Suns,1610612756
12/31/2024 Grizzlies at Suns,0022400453,2024-25,2024-12-31, Suns,1610612756, Grizzlies,1610612763
12/21/2024 Pistons at Suns,0022400387,2024-25,2024-12-21, Suns,1610612756, Pistons,1610612765
12/15/2024 Trail Blazers at Suns,0022401219,2024-25,2024-12-15, Suns,1610612756, Trail Blazers,1610612757
12/13/2024 Suns at Jazz,0022401214,2024-25,2024-12-13, Jazz,1610612762, Suns,1610612756
12/03/2024 Spurs at Suns,0022400057,2024-25,2024-12-03, Suns,1610612756, Spurs,1610612759
11/15/2024 Suns at Thunder,0022400018,2024-25,2024-11-15, Thunder,1610612760, Suns,1610612756
11/13/2024 Suns at Kings,0022400227,2024-25,2024-11-13, Kings,1610612758, Suns,1610612756
11/12/2024 Suns at Jazz,0022400006,2024-25,2024-11-12, Jazz,1610612762, Suns,1610612756
11/10/2024 Kings at Suns,0022400209,2024-25,2024-11-10, Suns,1610612756, Kings,1610612758
11/02/2024 Trail Blazers at Suns,0022400149,2024-25,2024-11-02, Suns,1610612756, Trail Blazers,1610612757
01/26/2025 Thunder at Trail Blazers,0022400647,2024-25,2025-01-26, Trail Blazers,1610612757, Thunder,1610612760
01/24/2025 Trail Blazers at Hornets,0022400630,2024-25,2025-01-24, Hornets,1610612766, Trail Blazers,1610612757
01/06/2025 Trail Blazers at Pistons,0022400493,2024-25,2025-01-06, Pistons,1610612765, Trail Blazers,1610612757
12/26/2024 Jazz at Trail Blazers,0022400417,2024-25,2024-12-26, Trail Blazers,1610612757, Jazz,1610612762
12/21/2024 Trail Blazers at Spurs,0022400386,2024-25,2024-12-21, Spurs,1610612759, Trail Blazers,1610612757
12/13/2024 Spurs at Trail Blazers,0022401215,2024-25,2024-12-13, Trail Blazers,1610612757, Spurs,1610612759
12/06/2024 Jazz at Trail Blazers,0022400339,2024-25,2024-12-06, Trail Blazers,1610612757, Jazz,1610612762
11/29/2024 Kings at Trail Blazers,0022400049,2024-25,2024-11-29, Trail Blazers,1610612757, Kings,1610612758
11/25/2024 Trail Blazers at Grizzlies,0022400282,2024-25,2024-11-25, Grizzlies,1610612763, Trail Blazers,1610612757
11/20/2024 Trail Blazers at Thunder,0022400256,2024-25,2024-11-20, Thunder,1610612760, Trail Blazers,1610612757
11/10/2024 Grizzlies at Trail Blazers,0022400210,2024-25,2024-11-10, Trail Blazers,1610612757, Grizzlies,1610612763
11/07/2024 Trail Blazers at Spurs,0022400183,2024-25,2024-11-07, Spurs,1610612759, Trail Blazers,1610612757
11/01/2024 Thunder at Trail Blazers,0022400140,2024-25,2024-11-01, Trail Blazers,1610612757, Thunder,1610612760
10/28/2024 Trail Blazers at Kings,0022400112,2024-25,2024-10-28, Kings,1610612758, Trail Blazers,1610612757
01/19/2025 Wizards at Kings,0022400598,2024-25,2025-01-19, Kings,1610612758, Wizards,1610612764
01/03/2025 Grizzlies at Kings,0022400476,2024-25,2025-01-03, Kings,1610612758, Grizzlies,1610612763
12/26/2024 Pistons at Kings,0022400418,2024-25,2024-12-26, Kings,1610612758, Pistons,1610612765
12/08/2024 Jazz at Kings,0022400357,2024-25,2024-12-08, Kings,1610612758, Jazz,1610612762
12/06/2024 Kings at Spurs,0022400337,2024-25,2024-12-06, Spurs,1610612759, Kings,1610612758
12/05/2024 Kings at Grizzlies,0022400329,2024-25,2024-12-05, Grizzlies,1610612763, Kings,1610612758
12/01/2024 Spurs at Kings,0022400313,2024-25,2024-12-01, Kings,1610612758, Spurs,1610612759
11/25/2024 Thunder at Kings,0022400285,2024-25,2024-11-25, Kings,1610612758, Thunder,1610612760
11/16/2024 Jazz at Kings,0022400233,2024-25,2024-11-16, Kings,1610612758, Jazz,1610612762
11/11/2024 Kings at Spurs,0022400216,2024-25,2024-11-11, Spurs,1610612759, Kings,1610612758
11/06/2024 Raptors at Kings,0022400180,2024-25,2024-11-06, Kings,1610612758, Raptors,1610612761
11/02/2024 Kings at Raptors,0022400143,2024-25,2024-11-02, Raptors,1610612761, Kings,1610612758
10/29/2024 Kings at Jazz,0022400115,2024-25,2024-10-29, Jazz,1610612762, Kings,1610612758
01/17/2025 Grizzlies at Spurs,0022400582,2024-25,2025-01-17, Spurs,1610612759, Grizzlies,1610612763
01/15/2025 Grizzlies at Spurs,0022400567,2024-25,2025-01-15, Spurs,1610612759, Grizzlies,1610612763
11/26/2024 Spurs at Jazz,0022400038,2024-25,2024-11-26, Jazz,1610612762, Spurs,1610612759
11/21/2024 Jazz at Spurs,0022400262,2024-25,2024-11-21, Spurs,1610612759, Jazz,1610612762
11/19/2024 Thunder at Spurs,0022400025,2024-25,2024-11-19, Spurs,1610612759, Thunder,1610612760
11/13/2024 Wizards at Spurs,0022400224,2024-25,2024-11-13, Spurs,1610612759, Wizards,1610612764
11/09/2024 Jazz at Spurs,0022400197,2024-25,2024-11-09, Spurs,1610612759, Jazz,1610612762
10/31/2024 Spurs at Jazz,0022400130,2024-25,2024-10-31, Jazz,1610612762, Spurs,1610612759
10/30/2024 Spurs at Thunder,0022400125,2024-25,2024-10-30, Thunder,1610612760, Spurs,1610612759
01/22/2025 Jazz at Thunder,0022400618,2024-25,2025-01-22, Thunder,1610612760, Jazz,1610612762
01/12/2025 Thunder at Wizards,0022400545,2024-25,2025-01-12, Wizards,1610612764, Thunder,1610612760
12/29/2024 Grizzlies at Thunder,0022400440,2024-25,2024-12-29, Thunder,1610612760, Grizzlies,1610612763
12/28/2024 Thunder at Hornets,0022400428,2024-25,2024-12-28, Hornets,1610612766, Thunder,1610612760
12/23/2024 Wizards at Thunder,0022400400,2024-25,2024-12-23, Thunder,1610612760, Wizards,1610612764
12/05/2024 Thunder at Raptors,0022400328,2024-25,2024-12-05, Raptors,1610612761, Thunder,1610612760
12/03/2024 Jazz at Thunder,0022400055,2024-25,2024-12-03, Thunder,1610612760, Jazz,1610612762
01/29/2025 Raptors at Wizards,0022400665,2024-25,2025-01-29, Wizards,1610612764, Raptors,1610612761
01/11/2025 Raptors at Pistons,0022400534,2024-25,2025-01-11, Pistons,1610612765, Raptors,1610612761
12/26/2024 Raptors at Grizzlies,0022400414,2024-25,2024-12-26, Grizzlies,1610612763, Raptors,1610612761
11/25/2024 Raptors at Pistons,0022400278,2024-25,2024-11-25, Pistons,1610612765, Raptors,1610612761
11/15/2024 Pistons at Raptors,0022400011,2024-25,2024-11-15, Raptors,1610612761, Pistons,1610612765
10/30/2024 Raptors at Hornets,0022400117,2024-25,2024-10-30, Hornets,1610612766, Raptors,1610612761
01/25/2025 Jazz at Grizzlies,0022400643,2024-25,2025-01-25, Grizzlies,1610612763, Jazz,1610612762
01/15/2025 Hornets at Jazz,0022400569,2024-25,2025-01-15, Jazz,1610612762, Hornets,1610612766
12/19/2024 Jazz at Pistons,0022400360,2024-25,2024-12-19, Pistons,1610612765, Jazz,1610612762
10/23/2024 Grizzlies at Jazz,0022400070,2024-25,2024-10-23, Jazz,1610612762, Grizzlies,1610612763
01/22/2025 Hornets at Grizzlies,0022400616,2024-25,2025-01-22, Grizzlies,1610612763, Hornets,1610612766
12/08/2024 Grizzlies at Wizards,0022400353,2024-25,2024-12-08, Wizards,1610612764, Grizzlies,1610612763
11/27/2024 Pistons at Grizzlies,0022400293,2024-25,2024-11-27, Grizzlies,1610612763, Pistons,1610612765
11/08/2024 Wizards at Grizzlies,0022400191,2024-25,2024-11-08, Grizzlies,1610612763, Wizards,1610612764
12/26/2024 Hornets at Wizards,0022400412,2024-25,2024-12-26, Wizards,1610612764, Hornets,1610612766
12/19/2024 Hornets at Wizards,0022400362,2024-25,2024-12-19, Wizards,1610612764, Hornets,1610612766
11/17/2024 Pistons at Wizards,0022400237,2024-25,2024-11-17, Wizards,1610612764, Pistons,1610612765
01/03/2025 Hornets at Pistons,0022400469,2024-25,2025-01-03, Pistons,1610612765, Hornets,1610612766
11/21/2024 Pistons at Hornets,0022400260,2024-25,2024-11-21, Hornets,1610612766, Pistons,1610612765
11/06/2024 Pistons at Hornets,0022400169,2024-25,2024-11-06, Hornets,1610612766, Pistons,1610612765
